"Paper","Property_reg","Geopol_c_a","C_study_geo","Year","seed","farmer","variety","plant","right","food","crop","system","genetic","resource","country","patent","breeding","community","protection","breeder","local","production","agricultural","law","development","state","company","public","property","research","common","agriculture","market","access","government","international","technology","national","knowledge","gene","material","product","traditional","sector","policy","process","benefit","intellectual","sovereignty","practice","legal","maize","private","diversity","people","world","land","cultivar","developing","upov","security","agreement","wheat","global","cluster"
"1_limpio.txt","Private/State","Western Europe","Global",1975,1,24,1,0,5,131,5,20,0,14,113,0,0,1,2,0,1,41,34,0,31,7,4,1,0,8,1,21,11,2,10,19,2,6,2,0,1,12,2,5,18,2,0,0,2,2,0,0,0,0,16,74,27,0,69,0,11,4,3,4,"3"
"2_limpio.txt","Private/State","Western Europe","Global",1993,10,5,15,29,2,18,13,3,4,2,10,6,5,0,9,5,2,4,3,0,10,5,9,18,5,6,0,1,2,0,3,3,17,0,3,56,0,25,0,1,0,3,8,2,0,2,0,0,8,0,2,4,3,1,7,0,0,0,0,0,"4"
"3_limpio.txt","State","Western Europe","Global",1998,48,60,32,37,34,28,25,15,28,21,3,59,8,13,5,19,3,7,22,5,5,9,13,11,29,15,1,13,7,13,17,20,38,8,14,14,6,10,16,14,0,6,2,30,1,4,6,1,8,22,15,24,7,1,5,0,14,8,1,6,"3"
"4_limpio.txt","Private","Western Europe","Global",1999,0,0,1,75,0,19,47,0,40,0,0,0,29,1,0,3,0,5,1,0,6,1,0,0,1,2,4,0,1,0,0,0,3,0,2,94,0,21,22,0,0,1,1,0,0,0,0,1,1,0,0,1,0,15,0,0,0,0,5,0,"4"
"5_limpio.txt","Common","Asia-Pacific","Global",2000,19,26,6,12,20,5,8,4,9,15,5,0,3,39,2,0,15,0,3,0,6,0,0,0,4,2,0,3,1,1,2,3,0,7,2,5,13,1,5,0,0,0,6,1,0,5,3,0,0,3,1,2,0,2,1,0,4,0,0,3,"3"
"6_limpio.txt","Common","Western Europe","Global",2001,52,24,18,27,24,39,114,9,11,4,6,138,6,1,11,0,1,7,1,3,16,9,39,3,16,14,2,1,50,2,0,2,11,0,3,69,1,45,17,2,14,19,11,8,0,22,1,3,2,0,0,1,1,0,6,0,0,8,0,1,"4"
"7_limpio.txt","Private/State","Western Europe","Global",2003,12,9,17,46,43,18,64,5,1,1,117,59,11,0,17,23,4,34,18,7,16,22,9,8,14,27,0,9,7,2,1,10,45,5,2,6,6,15,1,2,8,15,2,12,0,0,8,15,4,1,0,44,1,5,54,0,1,8,19,2,"4"
"8_limpio.txt","Common","Western Europe","Africa",2003,0,72,1,113,0,5,5,8,9,0,0,0,3,8,3,0,8,0,3,0,1,0,0,1,0,2,17,1,0,0,0,2,0,0,2,1,1,0,0,0,0,0,1,0,0,0,0,0,0,5,0,0,1,138,0,0,1,10,0,0,"3"
"9_limpio.txt","Common","Western Europe","Global",2004,45,33,47,60,39,20,31,7,28,15,45,30,8,6,25,8,7,6,7,6,11,11,7,8,24,10,1,10,14,0,4,10,4,2,4,7,11,8,5,8,1,12,4,24,0,5,3,6,5,3,3,22,1,0,33,31,6,42,6,7,"3"
"10_limpio.txt","Open_access","Western Europe","Africa",2006,4,7,6,25,12,24,10,19,53,58,19,1,4,16,3,5,5,1,13,20,14,5,0,2,1,14,3,17,1,45,4,24,8,9,2,3,8,2,1,2,8,1,17,1,2,3,6,0,2,1,2,0,0,0,2,0,6,10,0,3,"3"
"11_limpio.txt","Common","Asia-Pacific","Global",2008,4,10,12,16,17,25,7,5,2,2,30,12,2,1,16,4,0,0,7,7,0,3,0,2,8,0,0,6,2,3,0,10,4,5,6,3,0,1,13,3,7,1,3,9,0,4,6,1,3,0,0,2,0,0,23,0,12,9,1,0,"3"
"12_limpio.txt","Common","Western Europe","Global",2010,73,83,24,59,17,8,19,17,34,25,1,6,22,25,8,18,1,27,10,9,23,8,14,34,9,8,37,8,8,16,5,6,7,6,5,12,23,5,0,14,2,8,6,5,17,10,8,1,8,3,19,5,2,7,4,0,0,4,3,20,"1"
"13_limpio.txt","Private/State","Western Europe","Global",2010,116,46,1,27,5,18,31,9,22,7,15,5,55,5,4,16,13,42,2,1,18,4,50,18,3,20,2,1,26,1,6,14,16,6,0,8,1,6,9,21,0,3,8,3,0,4,1,0,16,13,2,13,5,70,8,0,6,0,0,5,"1"
"14_limpio.txt","Private/State","Africa","Africa",2011,158,51,7,0,4,8,7,14,2,3,11,0,14,1,0,5,19,3,10,0,10,5,60,2,0,3,0,1,21,7,26,1,5,13,0,0,7,7,1,21,14,6,9,0,0,1,0,34,17,2,3,0,2,0,0,0,5,0,0,0,"2"
"15_limpio.txt","Common","Western Europe","Global",2011,31,20,16,31,16,50,7,41,6,7,27,19,11,2,10,5,3,3,6,7,11,4,3,6,14,6,1,12,5,4,3,10,7,1,0,3,5,6,0,5,1,3,4,11,2,0,4,2,5,1,14,11,2,0,7,5,9,6,0,7,"3"
"16_limpio.txt","Private/State","LAC","Africa",2012,201,54,51,5,10,24,43,89,6,6,14,0,15,4,0,2,23,19,9,3,42,1,9,26,1,9,1,6,21,7,3,7,10,6,4,0,4,3,4,26,15,2,1,1,0,5,1,18,16,6,0,3,1,0,6,0,6,0,1,1,"1"
"17_limpio.txt","Private/State","Africa","Africa",2012,37,83,17,91,98,8,29,10,15,25,8,64,4,13,14,19,4,13,17,25,43,20,13,34,42,9,5,14,15,5,11,5,40,10,2,15,14,12,4,5,20,20,9,8,2,14,1,2,20,0,4,6,12,0,4,10,4,15,1,2,"3"
"18_limpio.txt","Private","Western Europe","Asia-Pacific",2012,17,4,3,4,3,0,11,0,0,0,3,0,1,0,9,1,0,0,0,0,7,0,3,2,2,2,0,1,1,0,2,0,0,0,0,0,0,0,0,12,14,0,1,2,0,0,4,6,16,0,0,1,0,2,1,0,0,2,10,0,"2"
"19_limpio.txt","Private","LAC","LAC",2013,4,5,0,6,0,10,13,7,0,10,3,0,0,0,1,0,5,12,11,0,3,6,1,9,0,0,0,9,3,6,1,0,13,2,5,0,0,1,3,2,7,3,0,0,0,7,0,71,0,2,3,0,11,0,0,0,5,0,0,0,"2"
"20_limpio.txt","Private","Western Europe","Global",2014,12,1,19,50,21,3,5,12,8,2,3,33,25,2,20,29,0,1,0,1,2,2,5,1,6,3,0,0,1,8,1,6,7,4,0,2,10,1,1,14,0,11,0,5,0,0,2,0,0,0,1,4,0,8,1,8,3,4,0,2,"3"
"21_limpio.txt","Common","Western Europe","Western Europe",2014,175,74,34,61,41,10,10,9,30,27,3,33,34,14,8,38,3,7,4,24,10,11,28,33,24,15,25,5,8,15,0,9,9,2,5,17,35,1,2,5,3,6,9,22,34,8,15,1,12,4,2,9,6,15,1,10,0,7,2,19,"3"
"22_limpio.txt","Common","Western Europe","Asia-Pacific",2014,72,167,99,42,143,21,7,10,27,32,14,33,4,12,20,21,5,5,12,12,5,27,8,29,17,6,3,10,2,9,32,11,2,25,15,8,16,5,10,9,8,14,12,10,11,4,10,0,15,10,3,1,1,2,2,22,7,9,3,6,"3"
"23_limpio.txt","Common","Western Europe","Global",2014,31,40,78,88,47,35,22,32,33,36,92,16,32,12,33,14,4,11,16,4,13,22,12,21,40,34,17,7,12,36,14,28,4,15,9,6,19,14,2,13,4,5,28,20,8,5,12,2,8,6,7,21,2,1,29,7,6,21,2,26,"3"
"24_limpio.txt","Common","Western Europe","Africa",2015,13,15,77,9,1,0,4,1,32,1,3,0,3,0,0,0,5,2,2,0,1,0,0,0,0,1,1,0,2,2,0,0,0,0,1,4,0,0,34,0,1,1,0,0,0,7,0,2,1,31,0,0,0,0,0,0,0,0,24,0,"3"
"25_limpio.txt","Common","Western Europe","Global",2015,256,187,41,8,5,7,29,29,5,2,5,0,3,9,1,1,23,6,18,1,6,3,0,1,6,12,4,6,21,24,0,2,0,4,2,2,22,1,3,7,16,1,6,1,2,4,0,4,2,18,2,7,0,1,8,0,1,0,2,1,"1"
"26_limpio.txt","Private/State","Asia-Pacific","Asia-Pacific",2015,20,1,4,18,2,0,29,7,4,3,18,27,8,0,2,0,0,1,10,0,3,2,3,15,6,13,0,10,4,1,1,5,30,4,0,0,3,7,0,21,6,1,0,6,0,0,2,0,17,0,0,0,0,0,11,0,0,2,0,5,"4"
"27_limpio.txt","Common","Africa","Africa",2015,75,26,7,8,3,14,14,27,6,6,2,0,6,1,1,1,6,8,4,3,8,4,3,5,0,4,1,8,7,6,3,8,3,4,2,0,1,0,3,7,5,3,1,0,5,5,1,4,8,16,1,2,2,0,0,1,3,0,1,2,"1"
"28_limpio.txt","Common","Western Europe","Western Europe",2015,222,36,38,22,3,122,22,13,6,4,0,4,2,36,4,7,45,12,24,1,7,9,7,7,2,11,1,10,5,8,6,2,5,2,7,1,4,1,9,1,5,9,0,2,23,3,1,0,1,8,21,4,4,0,2,0,16,2,0,4,"1"
"29_limpio.txt","State","Asia-Pacific","Asia-Pacific",2016,4,10,13,41,15,17,55,10,49,48,30,4,8,2,4,8,0,7,7,6,7,0,0,1,6,12,4,16,0,16,4,20,5,16,2,5,12,3,0,1,8,8,7,6,1,0,2,1,2,16,0,6,2,1,8,0,6,14,3,4,"3"
"30_limpio.txt","Private/Common","LAC","LAC",2016,29,16,90,15,60,15,43,10,57,85,14,2,5,7,1,13,0,3,6,1,7,15,1,24,54,5,42,2,16,11,6,4,1,0,3,1,9,4,2,1,1,1,19,2,4,1,3,0,18,5,18,9,15,0,4,0,10,6,0,16,"3"
"31_limpio.txt","Private/State","Asia-Pacific","Asia-Pacific",2016,5,0,1,0,0,0,1,16,0,0,0,0,6,0,4,0,0,0,1,1,1,1,1,0,3,10,0,0,4,0,5,0,5,2,0,0,1,1,0,0,4,1,7,4,0,0,3,0,0,0,0,0,0,0,0,0,2,0,0,0,"1"
"32_limpio.txt","Private/Common","Western Europe","Africa",2016,84,16,66,10,0,16,44,8,22,2,72,0,6,0,0,0,9,26,17,0,14,0,15,0,0,3,0,4,27,2,1,6,2,2,2,1,4,50,2,2,0,5,2,0,0,1,0,1,5,14,1,20,1,1,53,0,10,0,3,7,"1"
"33_limpio.txt","Common","Western Europe","LAC",2016,124,22,6,13,18,17,6,15,7,7,6,3,3,17,4,5,16,4,8,7,6,6,6,5,6,0,5,7,10,2,10,6,1,3,11,2,6,2,5,0,2,6,4,5,13,0,7,2,0,0,3,1,5,1,0,6,2,5,0,1,"1"
"34_limpio.txt","Open_source","Western Europe","LAC",2017,203,49,47,28,11,11,10,60,16,10,23,4,5,8,6,12,16,12,19,72,4,28,7,6,4,2,12,15,8,3,6,6,2,16,6,0,7,3,0,11,5,9,2,3,16,13,13,1,10,4,5,13,2,4,1,17,4,7,1,16,"1"
"35_limpio.txt","Common","LAC","LAC",2017,8,26,13,5,5,53,10,15,1,6,7,0,0,1,1,0,15,27,8,0,0,1,2,5,0,0,9,8,13,3,1,1,3,7,1,0,6,5,2,3,2,10,2,0,0,11,1,0,0,4,9,1,27,0,0,0,6,1,0,3,"1"
"36_limpio.txt","Common","Africa","Africa",2017,7,20,0,0,1,3,9,19,0,5,0,0,0,0,0,0,2,52,4,0,1,2,0,0,0,3,5,4,3,25,1,0,1,1,5,0,1,0,6,0,1,4,0,0,0,19,0,0,0,3,1,0,19,0,1,0,2,2,0,0,"1"
"37_limpio.txt","Common","Western Europe","Global",2017,53,36,21,107,6,49,155,36,77,42,15,6,89,18,8,18,20,29,21,2,11,7,2,24,10,27,14,31,11,19,5,28,20,22,42,91,13,10,12,6,20,23,9,5,1,28,9,5,12,46,20,30,28,2,6,4,10,2,11,46,"4"
"38_limpio.txt","Common","Western Europe","Africa",2017,20,54,4,21,4,32,12,5,3,1,20,0,4,4,0,18,21,10,12,0,10,2,5,17,0,6,0,19,3,0,4,19,13,3,4,0,0,4,4,3,49,3,5,0,6,1,2,6,3,0,5,0,2,0,3,0,15,0,0,2,"1"
"39_limpio.txt","Common","Western Europe","Global",2017,40,25,30,55,5,12,3,35,24,24,8,27,35,10,10,7,5,1,5,1,1,2,7,10,11,17,21,5,3,7,4,9,2,1,15,1,9,1,3,3,2,1,14,7,5,11,2,0,3,14,1,3,1,2,5,1,5,8,0,22,"3"
"40_limpio.txt","Private/State","Africa","Global",2018,50,24,51,71,50,16,38,17,14,6,46,44,3,1,29,12,4,9,4,13,11,7,16,16,16,16,3,5,1,3,3,4,13,3,3,16,13,16,2,1,4,3,11,11,0,3,3,1,5,2,3,10,4,0,21,24,3,6,0,2,"3"
"41_limpio.txt","State","LAC","LAC",2018,22,9,2,18,9,1,6,4,8,1,5,0,9,1,73,7,1,4,3,8,5,1,4,9,4,8,3,1,3,0,0,4,0,3,4,0,4,3,1,8,0,11,1,3,0,0,4,0,9,1,0,0,0,108,1,13,0,0,0,1,"3"
"42_limpio.txt","Common","Western Europe","Global",2018,1,7,1,0,16,105,3,7,0,2,5,0,0,6,1,0,9,4,15,1,4,1,1,0,2,0,1,27,3,4,4,5,2,0,4,0,0,1,22,0,4,3,0,1,30,7,4,0,0,0,12,16,10,0,10,0,8,2,0,5,"3"
"43_limpio.txt","Private/State","Asia-Pacific","Asia-Pacific",2018,40,16,145,54,38,5,10,4,5,1,4,8,7,3,22,27,4,4,0,6,3,4,1,8,1,4,3,3,3,0,1,4,3,5,1,8,28,1,5,3,0,7,7,0,0,3,0,0,1,0,0,0,0,0,2,23,3,5,2,0,"3"
"44_limpio.txt","Private/State","Western Europe","Asia-Pacific",2018,128,19,18,3,3,4,58,0,0,0,11,0,1,0,2,1,0,7,6,1,3,5,17,17,1,10,0,3,27,6,10,2,2,5,0,0,0,1,1,91,49,1,1,1,0,3,0,41,68,0,0,0,0,6,1,0,4,0,23,0,"2"
"45_limpio.txt","Common/State","Asia-Pacific","Asia-Pacific",2018,44,82,25,13,13,163,102,63,5,23,5,1,1,59,7,0,49,41,9,4,4,14,0,8,5,11,4,27,15,13,1,3,1,9,19,0,3,8,53,4,16,3,3,0,24,10,0,0,1,46,14,5,9,8,3,0,14,0,13,4,"1"
"46_limpio.txt","Common/State","Asia-Pacific","Global",2018,120,91,25,3,1,8,27,12,6,17,4,0,5,30,0,0,36,7,2,0,11,0,1,1,0,3,4,13,4,10,7,0,3,9,7,6,2,1,6,2,5,5,4,0,0,4,0,0,1,19,1,0,3,0,1,0,6,0,0,1,"1"
"47_limpio.txt","Common/State","Western Europe","Global",2019,113,14,12,36,21,8,3,10,12,15,12,19,4,12,10,9,10,1,7,1,1,8,6,2,6,6,0,2,0,16,1,9,1,4,7,1,9,3,10,0,2,0,10,2,2,0,3,0,0,3,14,3,3,0,1,0,0,34,1,1,"1"
"48_limpio.txt","Common/State","Africa","Africa",2019,59,76,46,46,51,34,7,15,13,17,10,9,9,6,20,25,8,9,11,1,9,52,2,2,9,5,1,10,2,2,0,12,2,3,3,0,17,4,13,7,1,1,2,9,0,12,23,1,8,1,0,1,1,0,6,47,20,8,0,1,"3"
"49_limpio.txt","Common/State","Africa","Mixed",2019,61,82,94,113,88,172,7,15,13,16,29,2,5,6,37,35,21,20,15,57,5,8,0,9,70,3,1,12,3,17,14,13,2,32,9,0,17,3,11,1,7,11,6,71,114,11,16,0,1,3,10,12,2,0,1,14,9,17,0,1,"3"
"50_limpio.txt","Open_source","Western Europe","Western Europe",2020,271,65,62,57,38,18,14,30,16,27,5,19,51,47,8,89,17,5,1,31,5,13,21,24,19,9,105,4,9,16,1,3,3,0,30,13,15,5,11,13,2,8,4,34,16,33,16,3,11,7,29,9,14,8,7,8,3,10,5,15,"1"
"51_limpio.txt","Common","Western Europe","Global",2020,49,13,4,29,3,20,14,2,2,4,5,4,0,6,1,0,2,4,1,2,2,0,9,3,4,0,0,7,2,0,1,0,5,0,3,0,0,5,5,0,0,0,0,3,0,1,0,0,1,1,11,14,1,0,0,0,0,2,2,5,"1"
"52_limpio.txt","Common","Western Europe","Global",2020,254,73,54,63,94,30,22,20,26,24,44,37,6,20,19,17,11,11,10,46,9,30,10,24,26,6,27,10,11,9,16,26,13,19,11,15,11,2,8,0,7,10,11,19,29,10,26,1,6,6,14,11,4,1,1,40,4,22,0,34,"3"
"53_limpio.txt","Common","Western Europe","Global",2020,232,73,125,41,12,19,13,22,20,26,2,6,91,24,23,26,26,9,5,2,10,3,3,1,13,13,145,11,5,9,0,9,1,11,54,1,13,0,14,1,1,21,0,5,12,16,6,0,15,13,2,0,0,0,3,1,4,0,0,25,"1"
"54_limpio.txt","State","Western Europe","LAC",2020,112,47,4,14,28,60,34,2,5,1,20,16,0,4,1,2,18,20,14,21,8,27,31,9,7,2,0,16,14,6,31,8,4,40,0,5,3,10,1,5,11,13,1,4,29,4,4,3,3,0,17,3,14,2,0,5,0,3,0,19,"1"
"55_limpio.txt","State","Asia-Pacific","Asia-Pacific",2020,10,6,17,19,22,45,7,20,40,52,24,81,0,8,16,1,10,4,4,20,3,7,1,3,2,8,0,1,0,39,4,7,2,15,13,1,5,9,15,1,4,5,27,2,4,6,13,1,0,3,2,4,3,0,4,3,26,5,1,1,"3"
"56_limpio.txt","Private","E. Europe","E. Europe",2020,35,59,123,96,73,35,7,9,8,1,38,78,29,2,29,78,0,17,34,26,31,14,8,14,25,14,3,15,16,8,4,10,6,9,2,2,34,22,4,21,3,10,0,24,3,8,7,0,2,1,3,11,1,2,11,4,17,4,1,2,"3"
"57_limpio.txt","State","Western Europe","Asia-Pacific",2020,40,53,46,4,0,19,80,12,0,1,7,0,7,1,0,0,4,28,12,0,1,1,0,0,1,2,14,3,0,1,0,1,0,1,23,3,9,0,4,0,0,0,1,0,0,5,0,1,0,0,3,0,1,1,1,0,7,0,121,0,"1"
"58_limpio.txt","State","Western Europe","Global",2020,108,74,58,69,168,89,3,13,5,5,23,33,1,0,21,19,0,9,20,51,8,43,22,0,24,1,0,5,3,19,1,34,4,1,2,1,10,7,4,1,6,0,2,24,0,8,5,0,0,4,2,1,0,0,3,37,4,23,0,3,"3"
"59_limpio.txt","State","Western Europe","Africa",2020,301,38,0,3,0,1,2,7,6,3,7,0,6,0,0,4,4,12,8,0,2,5,85,5,0,17,3,3,10,5,1,2,2,10,6,0,0,0,0,12,11,10,1,0,0,4,0,0,5,0,0,3,1,22,0,0,0,0,0,0,"2"
"60_limpio.txt","State","Asia-Pacific","Asia-Pacific",2020,109,114,117,104,81,13,18,21,18,26,24,10,8,9,58,43,16,3,14,8,14,12,15,12,4,5,3,21,6,9,6,9,7,17,15,6,16,1,18,14,10,3,12,3,2,14,10,1,15,19,1,2,10,0,3,36,9,11,2,1,"3"
"61_limpio.txt","State","Western Europe","Asia-Pacific",2020,50,103,79,52,15,5,3,13,4,4,1,0,22,13,10,20,41,4,17,44,16,18,4,4,14,4,3,5,2,0,24,3,2,7,27,0,0,1,7,0,4,15,1,12,4,4,7,1,0,2,2,2,2,31,1,0,1,2,0,0,"3"
"62_limpio.txt","State","Asia-Pacific","Asia-Pacific",2021,11,5,106,104,40,110,4,13,9,9,35,4,11,7,68,17,16,5,18,128,16,18,2,2,28,2,2,26,5,4,10,23,3,19,0,0,6,11,2,5,7,3,49,20,14,3,40,0,0,4,24,25,3,2,5,0,28,29,0,1,"3"
"63_limpio.txt","State","Western Europe","Western Europe",2021,14,0,27,24,1,3,11,4,31,2,4,1,52,0,1,11,1,6,1,0,6,28,3,19,0,7,7,1,3,2,0,1,7,2,1,3,3,3,5,1,0,1,1,0,0,0,0,0,7,15,0,4,0,20,1,0,2,1,0,0,"3"
"64_limpio.txt","State","Western Europe","Asia-Pacific",2021,17,27,7,4,2,5,2,2,5,3,5,0,3,7,0,1,4,4,2,0,4,1,0,2,0,3,3,3,5,2,2,2,1,2,1,0,7,3,0,0,1,0,3,0,0,1,0,0,1,20,0,0,11,16,0,0,1,1,57,2,"1"
"65_limpio.txt","Private/State","Western Europe","Western Europe",2021,31,5,1,52,0,30,26,6,64,46,1,0,7,1,0,2,1,9,8,0,12,3,0,3,1,16,15,8,2,7,0,6,3,3,2,14,8,0,0,2,2,6,1,0,0,6,1,2,0,24,0,0,0,2,0,0,0,2,0,1,"3"
"66_limpio.txt","Private/State","Western Europe","Global",2021,15,30,78,30,7,3,36,26,5,2,3,31,16,0,15,21,0,14,6,7,14,2,13,2,2,3,4,0,8,0,7,3,9,3,3,41,3,8,0,0,2,5,1,1,0,11,4,2,2,0,0,0,0,0,3,1,0,2,0,2,"4"
"67_limpio.txt","Common","Western Europe","Africa",2021,171,112,118,11,0,16,10,34,3,5,4,0,25,3,5,11,31,42,2,0,13,0,3,11,2,10,11,1,3,9,2,4,0,9,12,0,2,1,26,4,2,4,3,1,0,8,0,1,4,7,0,0,1,0,4,0,6,1,0,3,"1"
"68_limpio.txt","Private/State","Western Europe","Western Europe",2021,47,5,168,94,25,5,16,13,1,1,2,2,13,33,29,19,1,13,32,14,3,21,2,5,8,0,20,8,7,0,0,3,2,15,2,0,16,2,1,10,8,5,0,5,0,2,12,0,0,1,0,1,0,0,0,5,3,0,0,0,"3"
"69_limpio.txt","Common","Western Europe","Mixed",2021,195,44,131,38,38,9,2,26,50,50,5,32,40,20,36,14,16,6,5,13,12,15,3,3,9,9,63,5,7,22,1,28,3,14,28,3,20,6,12,4,4,13,15,4,5,17,10,0,21,12,4,1,4,0,7,16,2,9,0,17,"1"
"70_limpio.txt","Private/State","Western Europe","Africa",2021,12,11,1,5,0,7,54,10,0,2,35,0,0,1,2,0,0,6,8,0,7,3,8,15,3,8,0,2,7,5,3,3,9,0,2,0,18,52,0,9,1,4,9,3,0,4,0,11,11,0,0,2,0,0,14,0,0,0,5,1,"4"
"71_limpio.txt","State","Africa","Africa",2021,213,63,26,0,10,0,4,58,0,0,1,0,0,1,0,0,13,4,6,0,4,2,6,4,0,1,3,12,18,13,12,0,9,1,0,0,0,0,0,0,0,1,1,0,0,0,0,1,3,0,0,0,2,0,0,0,0,1,43,0,"1"
"72_limpio.txt","Common/State","Western Europe","Western Europe",2022,265,42,38,64,14,29,26,36,7,11,2,4,47,61,6,24,9,17,35,0,28,33,6,88,6,74,14,13,6,5,4,9,6,3,31,0,2,0,3,11,2,1,0,7,24,8,2,0,14,7,10,4,14,17,1,3,4,6,2,7,"1"
"73_limpio.txt","Common/State","Asia-Pacific","Asia-Pacific",2022,52,19,89,36,31,8,15,10,54,59,2,0,19,1,3,24,0,7,7,7,17,5,7,24,6,16,11,7,0,7,75,6,0,76,0,2,10,0,1,6,5,2,2,6,1,7,5,0,2,1,0,0,0,1,5,35,0,4,1,0,"3"
"74_limpio.txt","Common/State","Asia-Pacific","Asia-Pacific",2022,89,60,18,3,4,35,26,16,3,5,10,1,1,5,2,0,8,14,21,0,8,4,3,4,2,3,1,22,8,1,6,0,16,1,16,1,0,4,9,3,9,6,3,1,7,11,0,0,4,4,4,5,3,0,2,2,9,0,2,5,"1"
"75_limpio.txt","Private","Asia-Pacific","Asia-Pacific",2022,5,0,14,24,1,2,28,6,10,7,5,35,40,0,0,2,1,15,6,0,5,6,0,1,1,8,0,1,4,0,0,1,38,2,0,80,11,4,3,0,7,7,1,1,0,0,0,86,0,0,2,3,0,0,4,0,2,0,1,5,"4"
"76_limpio.txt","Private/State","Asia-Pacific","Asia-Pacific",2022,42,55,77,31,175,61,12,46,48,43,25,30,8,5,76,11,5,23,69,26,27,15,5,8,84,13,2,19,9,3,5,17,56,7,27,6,7,23,38,1,5,10,6,81,1,6,11,0,7,3,10,11,1,0,7,0,32,2,0,3,"3"
"77_limpio.txt","Private/State","Asia-Pacific","Asia-Pacific",2022,157,162,184,54,64,6,28,23,56,71,15,8,9,92,32,18,25,3,13,5,8,7,15,12,11,10,17,16,4,21,8,16,3,25,23,27,17,7,16,10,6,26,60,7,2,4,25,4,10,16,8,4,0,1,9,3,3,8,2,6,"3"
"78_limpio.txt","Private","Asia-Pacific","Asia-Pacific",2022,18,0,114,67,133,2,8,15,2,1,3,0,16,0,9,2,0,5,18,11,17,1,6,2,26,19,0,3,20,0,2,0,13,0,2,0,2,7,1,0,2,3,2,22,0,1,9,0,3,0,4,0,0,0,1,1,3,1,0,0,"3"
"79_limpio.txt","Private/State","LAC","LAC",2024,192,22,7,2,2,6,0,6,2,2,2,0,11,1,0,3,6,44,1,0,15,3,20,12,0,10,0,0,36,26,20,2,2,5,2,0,1,46,0,12,0,5,3,0,0,0,0,112,2,0,0,0,3,32,1,0,6,0,0,0,"2"
"80_limpio.txt","Common","Western Europe","Asia-Pacific",2024,99,177,81,6,8,15,14,31,22,36,5,1,50,10,4,15,50,24,18,0,15,1,2,0,3,9,10,8,6,8,4,4,10,7,21,0,9,2,16,2,4,5,3,1,5,28,1,0,4,8,1,2,5,1,3,0,6,0,0,7,"1"
"81_limpio.txt","Common","Western Europe","Western Europe",2023,44,12,4,4,15,35,1,6,3,7,6,0,0,5,0,0,14,13,6,0,0,5,1,3,0,2,9,19,9,5,6,1,0,7,6,0,2,2,3,0,5,1,2,0,7,14,2,0,0,2,4,1,15,0,0,0,1,0,0,9,"1"
"82_limpio.txt","Common","Western Europe","Western Europe",2023,67,24,45,20,18,92,2,46,3,8,2,5,34,4,2,24,11,11,13,0,12,4,1,2,4,9,31,12,3,6,0,8,1,0,31,4,3,0,4,11,6,16,1,3,10,7,2,0,2,11,2,4,2,0,1,0,4,0,0,22,"1"
"83_limpio.txt","Common/State","Asia-Pacific","Asia-Pacific",2023,137,191,83,82,61,8,15,8,0,1,8,7,10,10,92,10,51,16,21,69,13,29,29,6,9,4,1,7,1,3,40,0,2,3,5,0,2,0,6,5,1,2,4,8,10,11,85,1,3,0,6,0,5,0,7,1,4,5,0,0,"3"
"84_limpio.txt","State","Africa","Africa",2023,56,62,58,0,0,0,2,10,0,2,1,0,1,1,0,0,9,12,10,1,2,0,0,0,0,0,2,0,7,9,7,3,9,1,1,0,0,0,0,0,2,0,2,0,0,4,1,4,0,0,0,0,0,0,0,0,0,0,58,0,"1"
"85_limpio.txt","State","Africa","Africa",2023,153,51,14,9,24,6,15,26,0,5,13,0,10,1,6,5,3,12,2,1,36,9,11,17,5,13,0,18,12,6,51,13,1,16,4,0,2,1,0,73,67,38,2,5,0,0,3,18,37,3,2,7,2,0,3,5,7,8,1,6,"2"
"86_limpio.txt","Common","LAC","LAC",2023,142,4,3,0,3,27,11,10,1,2,3,1,1,73,1,0,29,13,8,6,4,5,0,1,0,1,14,34,11,1,6,3,3,2,1,0,1,0,2,1,1,6,0,0,35,7,2,30,0,0,18,5,20,0,0,1,5,0,0,8,"1"
"87_limpio.txt","Common","LAC","LAC",2024,34,6,4,24,6,13,15,26,12,13,15,0,8,50,4,3,2,11,8,2,9,5,4,3,0,0,11,27,4,3,7,7,4,4,5,0,0,0,1,11,3,8,4,0,10,9,3,9,4,9,9,8,1,0,0,2,2,2,0,25,"1"
"88_limpio.txt","Private/State","LAC","Africa",2024,210,50,5,0,0,1,1,16,0,1,0,0,2,11,0,0,10,10,5,0,20,0,89,3,0,2,3,1,12,7,66,0,0,1,6,0,0,37,0,13,1,15,7,0,0,2,0,6,5,0,1,0,2,0,0,0,1,0,0,0,"2"
"89_limpio.txt","Private/State","Asia-Pacific","Asia-Pacific",2024,1,0,4,0,1,3,2,19,0,7,1,0,63,0,1,0,2,1,5,0,13,2,0,0,3,41,0,1,8,1,47,0,2,1,1,0,2,0,2,2,11,8,40,3,0,2,0,0,0,0,0,6,7,0,0,0,3,1,0,0,"1"
"90_limpio.txt","State","Asia-Pacific","Asia-Pacific",2024,13,35,58,50,37,3,18,10,4,3,16,4,6,10,15,24,24,3,5,4,4,4,10,7,3,6,1,6,2,2,4,3,4,1,1,0,3,1,11,8,0,7,3,2,0,0,9,0,2,1,4,3,3,0,0,28,0,3,0,0,"3"
"91_limpio.txt","Private/State","Asia-Pacific","Asia-Pacific",2024,23,15,23,39,22,4,4,4,6,9,6,55,2,1,12,5,0,1,10,6,6,7,7,6,9,4,1,13,0,1,0,3,8,8,1,24,3,4,1,3,1,2,9,9,0,2,8,0,3,2,0,1,0,1,4,1,2,4,0,2,"4"
"92_limpio.txt","State","Asia-Pacific","Asia-Pacific",2024,10,4,7,51,37,5,0,5,4,2,19,136,1,0,21,2,0,8,6,35,9,9,1,11,5,9,2,7,2,4,2,3,9,5,2,5,10,43,0,1,10,42,3,3,1,2,7,0,0,0,0,0,1,0,2,1,3,16,0,0,"4"
"93_limpio.txt","SD","Africa","Africa",2024,7,10,0,1,10,14,0,2,1,2,0,0,0,4,0,0,2,0,4,0,2,0,0,0,1,0,0,1,0,0,0,2,0,0,0,0,0,0,1,0,1,4,0,1,7,0,0,0,0,2,0,1,0,0,0,0,4,0,0,0,"3"
"94_limpio.txt","SD","Asia-Pacific","Asia-Pacific",2024,14,82,93,40,19,15,14,14,2,3,5,2,6,11,21,20,12,3,9,6,3,1,0,2,4,3,1,5,0,2,1,6,6,2,6,0,0,0,11,2,2,7,3,3,0,2,4,0,2,2,3,2,1,1,2,8,10,2,0,0,"3"
"95_limpio.txt","SD","Western Europe","Western Europe",2024,1,90,0,0,21,35,5,11,0,18,5,0,0,12,1,0,43,17,12,7,4,13,3,18,16,3,14,3,26,57,3,3,2,13,4,0,2,11,9,1,3,18,12,0,9,28,10,0,8,2,11,1,117,0,0,0,3,4,1,4,"1"
"96_limpio.txt","SD","Asia-Pacific","Asia-Pacific",2024,19,4,47,2,1,2,21,0,0,0,2,1,0,0,0,2,0,3,4,0,10,1,6,2,1,9,0,1,11,0,2,0,73,2,0,1,0,2,1,0,2,1,0,1,0,1,0,0,6,0,0,0,4,0,0,0,1,0,0,0,"4"
"97_limpio.txt","SD","Asia-Pacific","Asia-Pacific",2024,164,86,50,21,26,4,13,16,3,2,10,8,1,41,3,19,21,8,8,5,6,7,3,9,1,12,2,12,3,4,16,3,6,9,10,5,0,2,25,11,14,3,2,1,5,9,1,0,8,5,1,4,3,0,2,0,5,8,2,4,"1"
"98_limpio.txt","SD","Western Europe","LAC",2024,30,33,51,60,60,17,0,14,6,3,7,0,3,13,21,22,1,2,16,43,9,18,3,3,8,1,5,4,7,5,2,12,0,10,16,0,4,5,30,13,1,5,0,5,10,27,31,0,0,3,8,0,0,0,1,8,4,7,0,0,"3"
"99_limpio.txt","SD","Western Europe","Asia-Pacific",2024,11,191,206,43,43,0,27,0,32,13,7,1,6,102,16,55,24,0,12,4,20,15,0,33,2,7,9,1,4,3,17,1,0,0,12,14,41,0,7,1,0,14,44,0,0,0,5,0,1,2,3,0,7,0,5,1,0,1,0,0,"3"
"100_limpio.txt","SD","Western Europe","Global",2024,187,65,36,32,374,73,20,27,36,108,4,16,8,69,36,7,33,15,18,62,41,58,4,12,32,10,6,11,8,29,6,62,18,15,22,2,11,3,34,1,12,9,40,19,72,12,22,0,1,11,83,6,24,3,2,9,5,9,0,10,"3"
"101_limpio.txt","SD","Africa","Africa",2024,245,40,22,1,0,0,2,79,2,8,14,0,8,16,0,6,11,10,5,2,5,0,11,6,0,10,16,1,19,28,1,1,2,5,0,0,2,3,1,4,15,2,14,0,0,3,0,1,7,0,3,0,2,0,2,0,2,0,0,0,"1"
"102_limpio.txt","SD","Western Europe","Western Europe",2024,25,30,59,4,0,15,0,9,0,0,2,0,7,27,1,3,70,40,8,0,6,1,2,2,0,6,1,7,3,2,10,2,0,1,3,0,1,25,3,1,3,1,3,0,6,1,0,0,0,0,8,4,0,0,0,0,0,0,86,2,"1"
"103_limpio.txt","SD","Africa","Africa",2024,67,139,140,11,4,14,39,23,34,13,7,0,12,0,0,6,57,12,58,0,26,18,4,6,4,62,1,10,23,3,9,25,15,32,12,4,20,6,0,23,9,6,1,4,0,15,0,61,7,6,0,6,3,3,4,0,2,0,1,6,"1"
"104_limpio.txt","SD","Africa","Africa",2025,50,54,28,33,107,73,1,40,20,23,7,9,2,25,22,9,5,5,6,41,16,39,0,4,16,2,0,9,6,21,3,15,5,16,14,0,8,4,13,2,13,4,8,16,0,6,8,0,1,3,10,3,1,0,3,15,16,19,0,6,"3"
"105_limpio.txt","SD","Africa","Mixed",2025,18,50,86,45,61,7,4,22,9,4,18,4,7,7,44,58,1,1,4,6,6,5,2,2,0,2,0,1,1,3,0,4,5,4,4,5,7,6,7,1,0,0,3,0,0,1,0,0,0,0,0,0,1,0,0,25,7,10,0,0,"3"
"106_limpio.txt","SD","Western Europe","LAC",2025,175,99,27,33,65,32,14,8,18,16,13,7,0,6,8,6,4,23,14,52,12,13,24,0,5,0,1,3,8,9,14,20,1,6,7,1,2,7,7,20,7,6,3,3,16,7,4,4,2,6,10,2,25,0,4,8,6,5,3,3,"1"
"107_limpio.txt","SD","Asia-Pacific","Asia-Pacific",2025,87,1,167,4,1,0,23,15,0,5,2,0,15,1,2,10,0,0,0,4,1,0,50,21,1,3,2,1,32,2,5,0,12,4,0,0,0,0,0,5,29,3,0,0,0,2,0,14,16,0,1,0,0,0,1,0,0,1,1,0,"1"
